{"is_source_file": true, "file_id": 17, "git_revision": "", "state": 1, "description": "", "external_files": [], "external_methods": [], "published": [], "classes": [], "methods": [], "calls": [], "search-terms": [], "ctags": [{"_type": "tag", "name": "SearchBar", "path": "/home/kavia/workspace/code-generation/recipe-explorer-200711-200724/frontend_react/src/components/SearchBar.js", "pattern": "/^export default function SearchBar({ initialValue = \"\", onSearch }) {$/", "language": "JavaScript", "kind": "function", "signature": "({ initialValue = \"\", onSearch })"}, {"_type": "tag", "name": "handleSubmit", "path": "/home/kavia/workspace/code-generation/recipe-explorer-200711-200724/frontend_react/src/components/SearchBar.js", "pattern": "/^  function handleSubmit(e) {$/", "language": "JavaScript", "kind": "function", "signature": "(e)", "scope": "SearchBar", "scopeKind": "function"}, {"_type": "tag", "name": "normalizeCsv", "path": "/home/kavia/workspace/code-generation/recipe-explorer-200711-200724/frontend_react/src/components/SearchBar.js", "pattern": "/^function normalizeCsv(value) {$/", "language": "JavaScript", "kind": "function", "signature": "(value)"}, {"_type": "tag", "name": "value", "path": "/home/kavia/workspace/code-generation/recipe-explorer-200711-200724/frontend_react/src/components/SearchBar.js", "pattern": "/^          value={value}$/", "language": "JavaScript", "kind": "field", "scope": "SearchBar.value", "scopeKind": "class"}], "format": "JavaScript", "hash": "a5b823853b9cabe24fe0089e36b27d73", "format-version": 4, "code-base-name": "frontend_react", "filename": "frontend_react/src/components/SearchBar.js", "knowledge_revision": 29}