{"is_source_file": true, "format": "HTML", "description": "The file is an HTML document serving as the main template for a React-based frontend application, including metadata, links to stylesheets, a root div for rendering the app, and comments with build instructions.", "external_files": ["%PUBLIC_URL%/favicon.ico", "%PUBLIC_URL%/logo192.png", "%PUBLIC_URL%/manifest.json"], "external_methods": [], "published": [], "classes": [], "methods": [], "calls": [], "search-terms": ["React", "index.html", "public URL", "HTML template", "script bundling", "favicon", "manifest", "root div"], "state": 2, "file_id": 7, "knowledge_revision": 22, "git_revision": "91c1d02997d84261602c2d957188d6f461cd666b", "hash": "d2b40d02d5f7873d8a6713bad837edd4", "format-version": 4, "code-base-name": "frontend_react", "filename": "frontend_react/public/index.html", "revision_history": [{"22": "91c1d02997d84261602c2d957188d6f461cd666b"}]}