{"is_source_file": false, "format": "", "description": "", "external_files": [], "external_methods": [], "published": [], "classes": [], "methods": [], "calls": [], "search-terms": [], "state": 2, "file_id": 9, "knowledge_revision": 16, "git_revision": "91c1d02997d84261602c2d957188d6f461cd666b", "hash": "be6538e7523bc2e9da0743133d784136", "format-version": 4, "code-base-name": "frontend_react", "filename": "frontend_react/eslint.config.mjs", "revision_history": [{"16": "91c1d02997d84261602c2d957188d6f461cd666b"}]}