{"is_source_file": true, "file_id": 16, "git_revision": "", "state": 1, "description": "", "external_files": [], "external_methods": [], "published": [], "classes": [], "methods": [], "calls": [], "search-terms": [], "ctags": [{"_type": "tag", "name": "CategorySidebar", "path": "/home/kavia/workspace/code-generation/recipe-explorer-200711-200724/frontend_react/src/components/CategorySidebar.js", "pattern": "/^export default function CategorySidebar({$/", "language": "JavaScript", "kind": "function", "signature": "({ categories, selectedCategoryId, onSelectCategory, loading, error, })"}], "format": "JavaScript", "hash": "e23f74860debf48fe0f31e55d0b8b0c8", "format-version": 4, "code-base-name": "frontend_react", "filename": "frontend_react/src/components/CategorySidebar.js", "knowledge_revision": 28}