{"is_source_file": true, "file_id": 15, "git_revision": "", "state": 1, "description": "", "external_files": [], "external_methods": [], "published": [], "classes": [], "methods": [], "calls": [], "search-terms": [], "ctags": [{"_type": "tag", "name": "ErrorState", "path": "/home/kavia/workspace/code-generation/recipe-explorer-200711-200724/frontend_react/src/components/ErrorState.js", "pattern": "/^export default function ErrorState({ title = \"Something went wrong\", message, onRetry }) {$/", "language": "JavaScript", "kind": "function", "signature": "({ title = \"Something went wrong\", message, onRetry })"}], "format": "JavaScript", "hash": "7afe052746b84d33d907c8a4cbd2c767", "format-version": 4, "code-base-name": "frontend_react", "filename": "frontend_react/src/components/ErrorState.js", "knowledge_revision": 27}