{"is_source_file": true, "format": "JavaScript", "description": "This file defines an API client for the Recipe Explorer backend, providing functions to fetch categories, recipes, recipe details, search by ingredients, ratings, and create ratings. It handles HTTP requests, URL construction, and JSON parsing.", "external_files": ["node_modules/node-fetch (implied)", "process.env.REACT_APP_API_BASE_URL"], "external_methods": ["fetch"], "published": ["getCategories", "getRecipes", "getRecipeDetail", "searchRecipesByIngredients", "getRatings", "createRating"], "classes": [], "methods": [{"name": "getApiBaseUrl()", "description": "Constructs the base URL for API requests, using environment variable REACT_APP_API_BASE_URL or default.", "scope": "", "scopeKind": ""}, {"name": "request(path, { method = \"GET\", query, body } = {})", "description": "Performs an HTTP request to a specified path with optional method, query parameters, and body, handling JSON response and errors.", "scope": "", "scopeKind": ""}, {"name": "createRating(recipeId, { user_name, score, comment })", "scope": "", "scopeKind": "", "description": "unavailable"}, {"name": "getCategories()", "scope": "", "scopeKind": "", "description": "unavailable"}, {"name": "getRatings(recipeId)", "scope": "", "scopeKind": "", "description": "unavailable"}, {"name": "getRecipeDetail(recipeId)", "scope": "", "scopeKind": "", "description": "unavailable"}, {"name": "getRecipes({ categoryId, ingredient, page = 1, size = 12 } = {})", "scope": "", "scopeKind": "", "description": "unavailable"}, {"name": "searchRecipesByIngredients({ ingredientsCsv, page = 1, size = 12 })", "scope": "", "scopeKind": "", "description": "unavailable"}], "calls": ["getApiBaseUrl", "request", "fetch", "Object.entries", "base.replace", "res.headers.get", "res.json", "res.text"], "search-terms": ["API client", "Recipe Explorer", "fetch recipes", "recipe detail", "search by ingredients", "ratings API", "create rating", "URL construction", "fetch request", "json parsing"], "state": 2, "file_id": 13, "knowledge_revision": 30, "git_revision": "", "ctags": [{"_type": "tag", "name": "DEFAULT_BASE_URL", "path": "/home/kavia/workspace/code-generation/recipe-explorer-200711-200724/frontend_react/src/api/client.js", "pattern": "/^const DEFAULT_BASE_URL = \"http:\\/\\/localhost:3001\";$/", "language": "JavaScript", "kind": "constant"}, {"_type": "tag", "name": "createRating", "path": "/home/kavia/workspace/code-generation/recipe-explorer-200711-200724/frontend_react/src/api/client.js", "pattern": "/^export async function createRating(recipeId, { user_name, score, comment }) {$/", "language": "JavaScript", "kind": "function", "signature": "(recipeId, { user_name, score, comment })"}, {"_type": "tag", "name": "getApiBaseUrl", "path": "/home/kavia/workspace/code-generation/recipe-explorer-200711-200724/frontend_react/src/api/client.js", "pattern": "/^function getApiBaseUrl() {$/", "language": "JavaScript", "kind": "function", "signature": "()"}, {"_type": "tag", "name": "getCategories", "path": "/home/kavia/workspace/code-generation/recipe-explorer-200711-200724/frontend_react/src/api/client.js", "pattern": "/^export async function getCategories() {$/", "language": "JavaScript", "kind": "function", "signature": "()"}, {"_type": "tag", "name": "getRatings", "path": "/home/kavia/workspace/code-generation/recipe-explorer-200711-200724/frontend_react/src/api/client.js", "pattern": "/^export async function getRatings(recipeId) {$/", "language": "JavaScript", "kind": "function", "signature": "(recipeId)"}, {"_type": "tag", "name": "getRecipeDetail", "path": "/home/kavia/workspace/code-generation/recipe-explorer-200711-200724/frontend_react/src/api/client.js", "pattern": "/^export async function getRecipeDetail(recipeId) {$/", "language": "JavaScript", "kind": "function", "signature": "(recipeId)"}, {"_type": "tag", "name": "getRecipes", "path": "/home/kavia/workspace/code-generation/recipe-explorer-200711-200724/frontend_react/src/api/client.js", "pattern": "/^export async function getRecipes({ categoryId, ingredient, page = 1, size = 12 } = {}) {$/", "language": "JavaScript", "kind": "function", "signature": "({ categoryId, ingredient, page = 1, size = 12 } = {})"}, {"_type": "tag", "name": "request", "path": "/home/kavia/workspace/code-generation/recipe-explorer-200711-200724/frontend_react/src/api/client.js", "pattern": "/^async function request(path, { method = \"GET\", query, body } = {}) {$/", "language": "JavaScript", "kind": "function", "signature": "(path, { method = \"GET\", query, body } = {})"}, {"_type": "tag", "name": "searchRecipesByIngredients", "path": "/home/kavia/workspace/code-generation/recipe-explorer-200711-200724/frontend_react/src/api/client.js", "pattern": "/^export async function searchRecipesByIngredients({ ingredientsCsv, page = 1, size = 12 }) {$/", "language": "JavaScript", "kind": "function", "signature": "({ ingredientsCsv, page = 1, size = 12 })"}], "hash": "952684650316a642b324768331279060", "format-version": 4, "code-base-name": "frontend_react", "filename": "frontend_react/src/api/client.js", "revision_history": [{"30": ""}]}