{"is_source_file": true, "format": "JavaScript (with React JSX)", "description": "This file is the entry point for a React application. It imports React, ReactDOM, CSS styles, and the main App component. It initializes the React root and renders the App component inside a StrictMode wrapper.", "external_files": ["react", "react-dom/client", "./index.css", "./App"], "external_methods": ["ReactDOM.createRoot", "root.render"], "published": [], "classes": [], "methods": [{"name": "ReactDOM.createRoot", "description": "Creates a React root for rendering the React component tree."}, {"name": "root.render", "description": "Renders a React element into the root container."}], "calls": ["ReactDOM.createRoot", "root.render", "<React.StrictMode>", "<App />"], "search-terms": ["index.js", "ReactDOM", "createRoot", "render", "React.StrictMode", "App component", "React entry point"], "state": 2, "file_id": 4, "knowledge_revision": 20, "git_revision": "91c1d02997d84261602c2d957188d6f461cd666b", "ctags": [{"_type": "tag", "name": "root", "path": "/home/kavia/workspace/code-generation/recipe-explorer-200711-200724/frontend_react/src/index.js", "pattern": "/^const root = ReactDOM.createRoot(document.getElementById('root'));$/", "language": "JavaScript", "kind": "constant"}], "hash": "9fc5841375336fc175b49f8767a11383", "format-version": 4, "code-base-name": "frontend_react", "filename": "frontend_react/src/index.js", "revision_history": [{"20": "91c1d02997d84261602c2d957188d6f461cd666b"}]}