{"is_source_file": false, "format": "", "description": "", "external_files": [], "external_methods": [], "published": [], "classes": [], "methods": [], "calls": [], "search-terms": [], "state": 2, "file_id": 8, "knowledge_revision": 18, "git_revision": "91c1d02997d84261602c2d957188d6f461cd666b", "hash": "d9d975cebe2ec20b6c652e1e4c12ccf0", "format-version": 4, "code-base-name": "frontend_react", "filename": "frontend_react/public/manifest.json", "revision_history": [{"18": "91c1d02997d84261602c2d957188d6f461cd666b"}]}