{"is_source_file": true, "file_id": 14, "git_revision": "", "state": 1, "description": "", "external_files": [], "external_methods": [], "published": [], "classes": [], "methods": [], "calls": [], "search-terms": [], "ctags": [{"_type": "tag", "name": "Loading", "path": "/home/kavia/workspace/code-generation/recipe-explorer-200711-200724/frontend_react/src/components/Loading.js", "pattern": "/^export default function Loading({ label = \"Loading\u2026\" }) {$/", "language": "JavaScript", "kind": "function", "signature": "({ label = \"Loading\u2026\" })"}], "format": "JavaScript", "hash": "e6fda273a63b4f451ff77d53394e2da7", "format-version": 4, "code-base-name": "frontend_react", "filename": "frontend_react/src/components/Loading.js", "knowledge_revision": 26}